image_path,target
Dry/dry_0.png,0
Dry/dry_1.png,0
Dry/dry_10.png,0
Dry/dry_100.png,0
Dry/dry_1000.png,0
Dry/dry_1001.png,0
Dry/dry_1002.png,0
Dry/dry_1003.png,0
Dry/dry_1004.png,0
Dry/dry_1005.png,0
Dry/dry_1006.png,0
Dry/dry_1007.png,0
Dry/dry_1008.png,0
Dry/dry_1009.png,0
Dry/dry_101.png,0
Dry/dry_1010.png,0
Dry/dry_1011.png,0
Dry/dry_1012.png,0
Dry/dry_1013.png,0
Dry/dry_1014.png,0
Dry/dry_1015.png,0
Dry/dry_1016.png,0
Dry/dry_1017.png,0
Dry/dry_1018.png,0
Dry/dry_1019.png,0
Dry/dry_102.png,0
Dry/dry_1020.png,0
Dry/dry_1021.png,0
Dry/dry_1022.png,0
Dry/dry_1023.png,0
Dry/dry_1024.png,0
Dry/dry_1025.png,0
Dry/dry_1026.png,0
Dry/dry_1027.png,0
Dry/dry_1028.png,0
Dry/dry_1029.png,0
Dry/dry_103.png,0
Dry/dry_1030.png,0
Dry/dry_1031.png,0
Dry/dry_1032.png,0
Dry/dry_1033.png,0
Dry/dry_1034.png,0
Dry/dry_1035.png,0
Dry/dry_1036.png,0
Dry/dry_1037.png,0
Dry/dry_1038.png,0
Dry/dry_1039.png,0
Dry/dry_104.png,0
Dry/dry_1040.png,0
Dry/dry_1041.png,0
Dry/dry_1042.png,0
Dry/dry_1043.png,0
Dry/dry_1044.png,0
Dry/dry_1045.png,0
Dry/dry_1046.png,0
Dry/dry_1047.png,0
Dry/dry_1048.png,0
Dry/dry_1049.png,0
Dry/dry_105.png,0
Dry/dry_1050.png,0
Dry/dry_1051.png,0
Dry/dry_1052.png,0
Dry/dry_1053.png,0
Dry/dry_1054.png,0
Dry/dry_1055.png,0
Dry/dry_1056.png,0
Dry/dry_1057.png,0
Dry/dry_1058.png,0
Dry/dry_1059.png,0
Dry/dry_106.png,0
Dry/dry_1060.png,0
Dry/dry_1061.png,0
Dry/dry_1062.png,0
Dry/dry_1063.png,0
Dry/dry_1064.png,0
Dry/dry_1065.png,0
Dry/dry_1066.png,0
Dry/dry_1067.png,0
Dry/dry_1068.png,0
Dry/dry_1069.png,0
Dry/dry_107.png,0
Dry/dry_1070.png,0
Dry/dry_1071.png,0
Dry/dry_1072.png,0
Dry/dry_1073.png,0
Dry/dry_1074.png,0
Dry/dry_1075.png,0
Dry/dry_1076.png,0
Dry/dry_1077.png,0
Dry/dry_1078.png,0
Dry/dry_1079.png,0
Dry/dry_108.png,0
Dry/dry_1080.png,0
Dry/dry_1081.png,0
Dry/dry_1082.png,0
Dry/dry_1083.png,0
Dry/dry_1084.png,0
Dry/dry_1085.png,0
Dry/dry_1086.png,0
Dry/dry_1087.png,0
Dry/dry_1088.png,0
Dry/dry_1089.png,0
Dry/dry_109.png,0
Dry/dry_1090.png,0
Dry/dry_1091.png,0
Dry/dry_1092.png,0
Dry/dry_1093.png,0
Dry/dry_1094.png,0
Dry/dry_1095.png,0
Dry/dry_1096.png,0
Dry/dry_1097.png,0
Dry/dry_1098.png,0
Dry/dry_1099.png,0
Dry/dry_11.png,0
Dry/dry_110.png,0
Dry/dry_1100.png,0
Dry/dry_1101.png,0
Dry/dry_1102.png,0
Dry/dry_1103.png,0
Dry/dry_1104.png,0
Dry/dry_1105.png,0
Dry/dry_1106.png,0
Dry/dry_1107.png,0
Dry/dry_1108.png,0
Dry/dry_1109.png,0
Dry/dry_111.png,0
Dry/dry_1110.png,0
Dry/dry_1111.png,0
Dry/dry_1112.png,0
Dry/dry_1113.png,0
Dry/dry_1114.png,0
Dry/dry_1115.png,0
Dry/dry_1116.png,0
Dry/dry_1117.png,0
Dry/dry_1118.png,0
Dry/dry_1119.png,0
Dry/dry_112.png,0
Dry/dry_1120.png,0
Dry/dry_1121.png,0
Dry/dry_1122.png,0
Dry/dry_1123.png,0
Dry/dry_1124.png,0
Dry/dry_1125.png,0
Dry/dry_1126.png,0
Dry/dry_1127.png,0
Dry/dry_1128.png,0
Dry/dry_1129.png,0
Dry/dry_113.png,0
Dry/dry_1130.png,0
Dry/dry_1131.png,0
Dry/dry_1132.png,0
Dry/dry_1133.png,0
Dry/dry_1134.png,0
Dry/dry_1135.png,0
Dry/dry_1136.png,0
Dry/dry_1137.png,0
Dry/dry_1138.png,0
Dry/dry_1139.png,0
Dry/dry_114.png,0
Dry/dry_1140.png,0
Dry/dry_1141.png,0
Dry/dry_1142.png,0
Dry/dry_1143.png,0
Dry/dry_1144.png,0
Dry/dry_1145.png,0
Dry/dry_1146.png,0
Dry/dry_1147.png,0
Dry/dry_1148.png,0
Dry/dry_1149.png,0
Dry/dry_115.png,0
Dry/dry_1150.png,0
Dry/dry_1151.png,0
Dry/dry_1152.png,0
Dry/dry_1153.png,0
Dry/dry_1154.png,0
Dry/dry_1155.png,0
Dry/dry_1156.png,0
Dry/dry_1157.png,0
Dry/dry_1158.png,0
Dry/dry_1159.png,0
Dry/dry_116.png,0
Dry/dry_1160.png,0
Dry/dry_1161.png,0
Dry/dry_1162.png,0
Dry/dry_1163.png,0
Dry/dry_1164.png,0
Dry/dry_1165.png,0
Dry/dry_1166.png,0
Dry/dry_1167.png,0
Dry/dry_1168.png,0
Dry/dry_1169.png,0
Dry/dry_117.png,0
Dry/dry_1170.png,0
Dry/dry_1171.png,0
Dry/dry_1172.png,0
Dry/dry_1173.png,0
Dry/dry_1174.png,0
Dry/dry_1175.png,0
Dry/dry_1176.png,0
Dry/dry_1177.png,0
Dry/dry_1178.png,0
Dry/dry_1179.png,0
Dry/dry_118.png,0
Dry/dry_1180.png,0
Dry/dry_1181.png,0
Dry/dry_1182.png,0
Dry/dry_1183.png,0
Dry/dry_1184.png,0
Dry/dry_1185.png,0
Dry/dry_1186.png,0
Dry/dry_1187.png,0
Dry/dry_1188.png,0
Dry/dry_1189.png,0
Dry/dry_119.png,0
Dry/dry_1190.png,0
Dry/dry_1191.png,0
Dry/dry_1192.png,0
Dry/dry_1193.png,0
Dry/dry_1194.png,0
Dry/dry_1195.png,0
Dry/dry_1196.png,0
Dry/dry_1197.png,0
Dry/dry_1198.png,0
Dry/dry_1199.png,0
Dry/dry_12.png,0
Dry/dry_120.png,0
Dry/dry_1200.png,0
Dry/dry_1201.png,0
Dry/dry_1202.png,0
Dry/dry_1203.png,0
Dry/dry_1204.png,0
Dry/dry_1205.png,0
Dry/dry_1206.png,0
Dry/dry_1207.png,0
Dry/dry_1208.png,0
Dry/dry_1209.png,0
Dry/dry_121.png,0
Dry/dry_1210.png,0
Dry/dry_1211.png,0
Dry/dry_1212.png,0
Dry/dry_1213.png,0
Dry/dry_1214.png,0
Dry/dry_1215.png,0
Dry/dry_1216.png,0
Dry/dry_1217.png,0
Dry/dry_1218.png,0
Dry/dry_1219.png,0
Dry/dry_122.png,0
Dry/dry_1220.png,0
Dry/dry_1221.png,0
Dry/dry_1222.png,0
Dry/dry_1223.png,0
Dry/dry_1224.png,0
Dry/dry_1225.png,0
Dry/dry_1226.png,0
Dry/dry_1227.png,0
Dry/dry_1228.png,0
Dry/dry_1229.png,0
Dry/dry_123.png,0
Dry/dry_1230.png,0
Dry/dry_1231.png,0
Dry/dry_1232.png,0
Dry/dry_1233.png,0
Dry/dry_1234.png,0
Dry/dry_1235.png,0
Dry/dry_1236.png,0
Dry/dry_1237.png,0
Dry/dry_1238.png,0
Dry/dry_1239.png,0
Dry/dry_124.png,0
Dry/dry_1240.png,0
Dry/dry_1241.png,0
Dry/dry_1242.png,0
Dry/dry_1243.png,0
Dry/dry_1244.png,0
Dry/dry_1245.png,0
Dry/dry_1246.png,0
Dry/dry_1247.png,0
Dry/dry_1248.png,0
Dry/dry_1249.png,0
Dry/dry_125.png,0
Dry/dry_1250.png,0
Dry/dry_1251.png,0
Dry/dry_1252.png,0
Dry/dry_1253.png,0
Dry/dry_1254.png,0
Dry/dry_1255.png,0
Dry/dry_1256.png,0
Dry/dry_1257.png,0
Dry/dry_1258.png,0
Dry/dry_1259.png,0
Dry/dry_126.png,0
Dry/dry_1260.png,0
Dry/dry_1261.png,0
Dry/dry_1262.png,0
Dry/dry_1263.png,0
Dry/dry_1264.png,0
Dry/dry_1265.png,0
Dry/dry_1266.png,0
Dry/dry_1267.png,0
Dry/dry_1268.png,0
Dry/dry_1269.png,0
Dry/dry_127.png,0
Dry/dry_1270.png,0
Dry/dry_1271.png,0
Dry/dry_1272.png,0
Dry/dry_1273.png,0
Dry/dry_1274.png,0
Dry/dry_1275.png,0
Dry/dry_1276.png,0
Dry/dry_1277.png,0
Dry/dry_1278.png,0
Dry/dry_1279.png,0
Dry/dry_128.png,0
Dry/dry_1280.png,0
Dry/dry_1281.png,0
Dry/dry_1282.png,0
Dry/dry_1283.png,0
Dry/dry_1284.png,0
Dry/dry_1285.png,0
Dry/dry_1286.png,0
Dry/dry_1287.png,0
Dry/dry_1288.png,0
Dry/dry_1289.png,0
Dry/dry_129.png,0
Dry/dry_1290.png,0
Dry/dry_1291.png,0
Dry/dry_1292.png,0
Dry/dry_1293.png,0
Dry/dry_1294.png,0
Dry/dry_1295.png,0
Dry/dry_1296.png,0
Dry/dry_1297.png,0
Dry/dry_1298.png,0
Dry/dry_1299.png,0
Dry/dry_13.png,0
Dry/dry_130.png,0
Dry/dry_1300.png,0
Dry/dry_1301.png,0
Dry/dry_1302.png,0
Dry/dry_1303.png,0
Dry/dry_1304.png,0
Dry/dry_1305.png,0
Dry/dry_1306.png,0
Dry/dry_1307.png,0
Dry/dry_1308.png,0
Dry/dry_1309.png,0
Dry/dry_131.png,0
Dry/dry_1310.png,0
Dry/dry_1311.png,0
Dry/dry_1312.png,0
Dry/dry_1313.png,0
Dry/dry_1314.png,0
Dry/dry_1315.png,0
Dry/dry_1316.png,0
Dry/dry_1317.png,0
Dry/dry_1318.png,0
Dry/dry_1319.png,0
Dry/dry_132.png,0
Dry/dry_1320.png,0
Dry/dry_1321.png,0
Dry/dry_1322.png,0
Dry/dry_1323.png,0
Dry/dry_1324.png,0
Dry/dry_1325.png,0
Dry/dry_1326.png,0
Dry/dry_1327.png,0
Dry/dry_1328.png,0
Dry/dry_1329.png,0
Dry/dry_133.png,0
Dry/dry_1330.png,0
Dry/dry_1331.png,0
Dry/dry_1332.png,0
Dry/dry_1333.png,0
Dry/dry_1334.png,0
Dry/dry_1335.png,0
Dry/dry_1336.png,0
Dry/dry_1337.png,0
Dry/dry_1338.png,0
Dry/dry_1339.png,0
Dry/dry_134.png,0
Dry/dry_1340.png,0
Dry/dry_1341.png,0
Dry/dry_1342.png,0
Dry/dry_1343.png,0
Dry/dry_1344.png,0
Dry/dry_1345.png,0
Dry/dry_1346.png,0
Dry/dry_1347.png,0
Dry/dry_1348.png,0
Dry/dry_1349.png,0
Dry/dry_135.png,0
Dry/dry_1350.png,0
Dry/dry_1351.png,0
Dry/dry_1352.png,0
Dry/dry_1353.png,0
Dry/dry_1354.png,0
Dry/dry_1355.png,0
Dry/dry_1356.png,0
Dry/dry_1357.png,0
Dry/dry_1358.png,0
Dry/dry_1359.png,0
Dry/dry_136.png,0
Dry/dry_1360.png,0
Dry/dry_1361.png,0
Dry/dry_1362.png,0
Dry/dry_1363.png,0
Dry/dry_1364.png,0
Dry/dry_1365.png,0
Dry/dry_1366.png,0
Dry/dry_1367.png,0
Dry/dry_1368.png,0
Dry/dry_1369.png,0
Dry/dry_137.png,0
Dry/dry_1370.png,0
Dry/dry_1371.png,0
Dry/dry_1372.png,0
Dry/dry_1373.png,0
Dry/dry_1374.png,0
Dry/dry_1375.png,0
Dry/dry_1376.png,0
Dry/dry_1377.png,0
Dry/dry_1378.png,0
Dry/dry_1379.png,0
Dry/dry_138.png,0
Dry/dry_1380.png,0
Dry/dry_1381.png,0
Dry/dry_1382.png,0
Dry/dry_1383.png,0
Dry/dry_1384.png,0
Dry/dry_1385.png,0
Dry/dry_1386.png,0
Dry/dry_1387.png,0
Dry/dry_1388.png,0
Dry/dry_1389.png,0
Dry/dry_139.png,0
Dry/dry_1390.png,0
Dry/dry_1391.png,0
Dry/dry_1392.png,0
Dry/dry_1393.png,0
Dry/dry_1394.png,0
Dry/dry_1395.png,0
Dry/dry_1396.png,0
Dry/dry_1397.png,0
Dry/dry_1398.png,0
Dry/dry_1399.png,0
Dry/dry_14.png,0
Dry/dry_140.png,0
Dry/dry_1400.png,0
Dry/dry_1401.png,0
Dry/dry_1402.png,0
Dry/dry_1403.png,0
Dry/dry_1404.png,0
Dry/dry_1405.png,0
Dry/dry_1406.png,0
Dry/dry_1407.png,0
Dry/dry_1408.png,0
Dry/dry_1409.png,0
Dry/dry_141.png,0
Dry/dry_1410.png,0
Dry/dry_1411.png,0
Dry/dry_1412.png,0
Dry/dry_1413.png,0
Dry/dry_1414.png,0
Dry/dry_1415.png,0
Dry/dry_1416.png,0
Dry/dry_1417.png,0
Dry/dry_1418.png,0
Dry/dry_1419.png,0
Dry/dry_142.png,0
Dry/dry_1420.png,0
Dry/dry_1421.png,0
Dry/dry_1422.png,0
Dry/dry_1423.png,0
Dry/dry_1424.png,0
Dry/dry_1425.png,0
Dry/dry_1426.png,0
Dry/dry_1427.png,0
Dry/dry_1428.png,0
Dry/dry_1429.png,0
Dry/dry_143.png,0
Dry/dry_1430.png,0
Dry/dry_1431.png,0
Dry/dry_1432.png,0
Dry/dry_1433.png,0
Dry/dry_1434.png,0
Dry/dry_1435.png,0
Dry/dry_1436.png,0
Dry/dry_1437.png,0
Dry/dry_1438.png,0
Dry/dry_1439.png,0
Dry/dry_144.png,0
Dry/dry_1440.png,0
Dry/dry_1441.png,0
Dry/dry_1442.png,0
Dry/dry_1443.png,0
Dry/dry_1444.png,0
Dry/dry_1445.png,0
Dry/dry_1446.png,0
Dry/dry_1447.png,0
Wet/wet_0.png,1
Wet/wet_1.png,1
Wet/wet_10.png,1
Wet/wet_100.png,1
Wet/wet_1000.png,1
Wet/wet_1001.png,1
Wet/wet_1002.png,1
Wet/wet_1003.png,1
Wet/wet_1004.png,1
Wet/wet_1005.png,1
Wet/wet_1006.png,1
Wet/wet_1007.png,1
Wet/wet_1008.png,1
Wet/wet_1009.png,1
Wet/wet_101.png,1
Wet/wet_1010.png,1
Wet/wet_1011.png,1
Wet/wet_1012.png,1
Wet/wet_1013.png,1
Wet/wet_1014.png,1
Wet/wet_1015.png,1
Wet/wet_1016.png,1
Wet/wet_1017.png,1
Wet/wet_1018.png,1
Wet/wet_1019.png,1
Wet/wet_102.png,1
Wet/wet_1020.png,1
Wet/wet_1021.png,1
Wet/wet_1022.png,1
Wet/wet_1023.png,1
Wet/wet_1024.png,1
Wet/wet_1025.png,1
Wet/wet_1026.png,1
Wet/wet_1027.png,1
Wet/wet_1028.png,1
Wet/wet_1029.png,1
Wet/wet_103.png,1
Wet/wet_1030.png,1
Wet/wet_1031.png,1
Wet/wet_1032.png,1
Wet/wet_1033.png,1
Wet/wet_1034.png,1
Wet/wet_1035.png,1
Wet/wet_1036.png,1
Wet/wet_1037.png,1
Wet/wet_1038.png,1
Wet/wet_1039.png,1
Wet/wet_104.png,1
Wet/wet_1040.png,1
Wet/wet_1041.png,1
Wet/wet_1042.png,1
Wet/wet_1043.png,1
Wet/wet_1044.png,1
Wet/wet_1045.png,1
Wet/wet_1046.png,1
Wet/wet_1047.png,1
Wet/wet_1048.png,1
Wet/wet_1049.png,1
Wet/wet_105.png,1
Wet/wet_1050.png,1
Wet/wet_1051.png,1
Wet/wet_1052.png,1
Wet/wet_1053.png,1
Wet/wet_1054.png,1
Wet/wet_1055.png,1
Wet/wet_1056.png,1
Wet/wet_1057.png,1
Wet/wet_1058.png,1
Wet/wet_1059.png,1
Wet/wet_106.png,1
Wet/wet_1060.png,1
Wet/wet_1061.png,1
Wet/wet_1062.png,1
Wet/wet_1063.png,1
Wet/wet_1064.png,1
Wet/wet_1065.png,1
Wet/wet_1066.png,1
Wet/wet_1067.png,1
Wet/wet_1068.png,1
Wet/wet_1069.png,1
Wet/wet_107.png,1
Wet/wet_1070.png,1
Wet/wet_1071.png,1
Wet/wet_1072.png,1
Wet/wet_1073.png,1
Wet/wet_1074.png,1
Wet/wet_1075.png,1
Wet/wet_1076.png,1
Wet/wet_1077.png,1
Wet/wet_1078.png,1
Wet/wet_1079.png,1
Wet/wet_108.png,1
Wet/wet_1080.png,1
Wet/wet_1081.png,1
Wet/wet_1082.png,1
Wet/wet_1083.png,1
Wet/wet_1084.png,1
Wet/wet_1085.png,1
Wet/wet_1086.png,1
Wet/wet_1087.png,1
Wet/wet_1088.png,1
Wet/wet_1089.png,1
Wet/wet_109.png,1
Wet/wet_1090.png,1
Wet/wet_1091.png,1
Wet/wet_1092.png,1
Wet/wet_1093.png,1
Wet/wet_1094.png,1
Wet/wet_1095.png,1
Wet/wet_1096.png,1
Wet/wet_1097.png,1
Wet/wet_1098.png,1
Wet/wet_1099.png,1
Wet/wet_11.png,1
Wet/wet_110.png,1
Wet/wet_1100.png,1
Wet/wet_1101.png,1
Wet/wet_1102.png,1
Wet/wet_1103.png,1
Wet/wet_1104.png,1
Wet/wet_1105.png,1
Wet/wet_1106.png,1
Wet/wet_1107.png,1
Wet/wet_1108.png,1
Wet/wet_1109.png,1
Wet/wet_111.png,1
Wet/wet_1110.png,1
Wet/wet_1111.png,1
Wet/wet_1112.png,1
Wet/wet_1113.png,1
Wet/wet_1114.png,1
Wet/wet_1115.png,1
Wet/wet_1116.png,1
Wet/wet_1117.png,1
Wet/wet_1118.png,1
Wet/wet_1119.png,1
Wet/wet_112.png,1
Wet/wet_1120.png,1
Wet/wet_1121.png,1
Wet/wet_1122.png,1
Wet/wet_1123.png,1
Wet/wet_1124.png,1
Wet/wet_1125.png,1
Wet/wet_1126.png,1
Wet/wet_1127.png,1
Wet/wet_1128.png,1
Wet/wet_1129.png,1
Wet/wet_113.png,1
Wet/wet_1130.png,1
Wet/wet_1131.png,1
Wet/wet_1132.png,1
Wet/wet_1133.png,1
Wet/wet_1134.png,1
Wet/wet_1135.png,1
Wet/wet_1136.png,1
Wet/wet_1137.png,1
Wet/wet_1138.png,1
Wet/wet_1139.png,1
Wet/wet_114.png,1
Wet/wet_1140.png,1
Wet/wet_1141.png,1
Wet/wet_1142.png,1
Wet/wet_1143.png,1
Wet/wet_1144.png,1
Wet/wet_1145.png,1
Wet/wet_1146.png,1
Wet/wet_1147.png,1
Wet/wet_1148.png,1
Wet/wet_1149.png,1
Wet/wet_115.png,1
Wet/wet_1150.png,1
Wet/wet_1151.png,1
Wet/wet_1152.png,1
Wet/wet_1153.png,1
Wet/wet_1154.png,1
Wet/wet_1155.png,1
Wet/wet_1156.png,1
Wet/wet_1157.png,1
Wet/wet_1158.png,1
Wet/wet_1159.png,1
Wet/wet_116.png,1
Wet/wet_1160.png,1
Wet/wet_1161.png,1
Wet/wet_1162.png,1
Wet/wet_1163.png,1
Wet/wet_1164.png,1
Wet/wet_1165.png,1
Wet/wet_1166.png,1
Wet/wet_1167.png,1
Wet/wet_1168.png,1
Wet/wet_1169.png,1
Wet/wet_117.png,1
Wet/wet_1170.png,1
Wet/wet_1171.png,1
Wet/wet_1172.png,1
Wet/wet_1173.png,1
Wet/wet_1174.png,1
Wet/wet_1175.png,1
Wet/wet_1176.png,1
Wet/wet_1177.png,1
Wet/wet_1178.png,1
Wet/wet_1179.png,1
Wet/wet_118.png,1
Wet/wet_1180.png,1
Wet/wet_1181.png,1
Wet/wet_1182.png,1
Wet/wet_1183.png,1
Wet/wet_1184.png,1
Wet/wet_1185.png,1
Wet/wet_1186.png,1
Wet/wet_1187.png,1
Wet/wet_1188.png,1
Wet/wet_1189.png,1
Wet/wet_119.png,1
Wet/wet_1190.png,1
Wet/wet_1191.png,1
Wet/wet_1192.png,1
Wet/wet_1193.png,1
Wet/wet_1194.png,1
Wet/wet_1195.png,1
Wet/wet_1196.png,1
Wet/wet_1197.png,1
Wet/wet_1198.png,1
Wet/wet_1199.png,1
Wet/wet_12.png,1
Wet/wet_120.png,1
Wet/wet_1200.png,1
Wet/wet_1201.png,1
Wet/wet_1202.png,1
Wet/wet_1203.png,1
Wet/wet_1204.png,1
Wet/wet_1205.png,1
Wet/wet_1206.png,1
Wet/wet_1207.png,1
Wet/wet_1208.png,1
Wet/wet_1209.png,1
Wet/wet_121.png,1
Wet/wet_1210.png,1
Wet/wet_1211.png,1
Wet/wet_1212.png,1
Wet/wet_1213.png,1
Wet/wet_1214.png,1
Wet/wet_1215.png,1
Wet/wet_1216.png,1
Wet/wet_1217.png,1
Wet/wet_1218.png,1
Wet/wet_1219.png,1
Wet/wet_122.png,1
Wet/wet_1220.png,1
Wet/wet_1221.png,1
Wet/wet_1222.png,1
Wet/wet_1223.png,1
Wet/wet_1224.png,1
Wet/wet_1225.png,1
Wet/wet_1226.png,1
Wet/wet_1227.png,1
Wet/wet_1228.png,1
Wet/wet_1229.png,1
Wet/wet_123.png,1
Wet/wet_1230.png,1
Wet/wet_1231.png,1
Wet/wet_1232.png,1
Wet/wet_1233.png,1
Wet/wet_1234.png,1
Wet/wet_1235.png,1
Wet/wet_1236.png,1
Wet/wet_1237.png,1
Wet/wet_1238.png,1
Wet/wet_1239.png,1
Wet/wet_124.png,1
Wet/wet_1240.png,1
Wet/wet_1241.png,1
Wet/wet_1242.png,1
Wet/wet_1243.png,1
Wet/wet_1244.png,1
Wet/wet_1245.png,1
Wet/wet_1246.png,1
Wet/wet_1247.png,1
Wet/wet_1248.png,1
Wet/wet_1249.png,1
Wet/wet_125.png,1
Wet/wet_1250.png,1
Wet/wet_1251.png,1
Wet/wet_1252.png,1
Wet/wet_1253.png,1
Wet/wet_1254.png,1
Wet/wet_1255.png,1
Wet/wet_1256.png,1
Wet/wet_1257.png,1
Wet/wet_1258.png,1
Wet/wet_1259.png,1
Wet/wet_126.png,1
Wet/wet_1260.png,1
Wet/wet_1261.png,1
Wet/wet_1262.png,1
Wet/wet_1263.png,1
Wet/wet_1264.png,1
Wet/wet_1265.png,1
Wet/wet_1266.png,1
Wet/wet_1267.png,1
Wet/wet_1268.png,1
Wet/wet_1269.png,1
Wet/wet_127.png,1
Wet/wet_1270.png,1
Wet/wet_1271.png,1
Wet/wet_1272.png,1
Wet/wet_1273.png,1
Wet/wet_1274.png,1
Wet/wet_1275.png,1
Wet/wet_1276.png,1
Wet/wet_1277.png,1
Wet/wet_1278.png,1
Wet/wet_1279.png,1
Wet/wet_128.png,1
Wet/wet_1280.png,1
Wet/wet_1281.png,1
Wet/wet_1282.png,1
Wet/wet_1283.png,1
Wet/wet_1284.png,1
Wet/wet_1285.png,1
Wet/wet_1286.png,1
Wet/wet_1287.png,1
Wet/wet_1288.png,1
Wet/wet_1289.png,1
Wet/wet_129.png,1
Wet/wet_1290.png,1
Wet/wet_1291.png,1
Wet/wet_1292.png,1
Wet/wet_1293.png,1
Wet/wet_1294.png,1
Wet/wet_1295.png,1
Wet/wet_1296.png,1
Wet/wet_1297.png,1
Wet/wet_1298.png,1
Wet/wet_1299.png,1
Wet/wet_13.png,1
Wet/wet_130.png,1
Wet/wet_1300.png,1
Wet/wet_1301.png,1
Wet/wet_1302.png,1
Wet/wet_1303.png,1
Wet/wet_1304.png,1
Wet/wet_1305.png,1
Wet/wet_1306.png,1
Wet/wet_1307.png,1
Wet/wet_1308.png,1
Wet/wet_1309.png,1
Wet/wet_131.png,1
Wet/wet_1310.png,1
Wet/wet_1311.png,1
Wet/wet_1312.png,1
Wet/wet_1313.png,1
Wet/wet_1314.png,1
Wet/wet_1315.png,1
Wet/wet_1316.png,1
Wet/wet_1317.png,1
Wet/wet_1318.png,1
Wet/wet_1319.png,1
Wet/wet_132.png,1
Wet/wet_1320.png,1
Wet/wet_1321.png,1
Wet/wet_1322.png,1
Wet/wet_1323.png,1
Wet/wet_1324.png,1
Wet/wet_1325.png,1
Wet/wet_1326.png,1
Wet/wet_1327.png,1
Wet/wet_1328.png,1
Wet/wet_1329.png,1
Wet/wet_133.png,1
Wet/wet_1330.png,1
Wet/wet_1331.png,1
Wet/wet_1332.png,1
Wet/wet_1333.png,1
Wet/wet_1334.png,1
Wet/wet_1335.png,1
Wet/wet_1336.png,1
Wet/wet_1337.png,1
Wet/wet_1338.png,1
Wet/wet_1339.png,1
Wet/wet_134.png,1
Wet/wet_1340.png,1
Wet/wet_1341.png,1
Wet/wet_1342.png,1
Wet/wet_1343.png,1
Wet/wet_1344.png,1
Wet/wet_1345.png,1
Wet/wet_1346.png,1
Wet/wet_1347.png,1
Wet/wet_1348.png,1
Wet/wet_1349.png,1
Wet/wet_135.png,1
Wet/wet_1350.png,1
Wet/wet_1351.png,1
Wet/wet_1352.png,1
Wet/wet_1353.png,1
Wet/wet_1354.png,1
Wet/wet_1355.png,1
Wet/wet_1356.png,1
Wet/wet_1357.png,1
Wet/wet_1358.png,1
Wet/wet_1359.png,1
Wet/wet_136.png,1
Wet/wet_1360.png,1
Wet/wet_1361.png,1
Wet/wet_1362.png,1
Wet/wet_1363.png,1
Wet/wet_1364.png,1
Wet/wet_1365.png,1
Wet/wet_1366.png,1
Wet/wet_1367.png,1
Wet/wet_1368.png,1
Wet/wet_1369.png,1
Wet/wet_137.png,1
Wet/wet_1370.png,1
Wet/wet_1371.png,1
Wet/wet_1372.png,1
Wet/wet_1373.png,1
Wet/wet_1374.png,1
Wet/wet_1375.png,1
Wet/wet_1376.png,1
Wet/wet_1377.png,1
Wet/wet_1378.png,1
Wet/wet_1379.png,1
Wet/wet_138.png,1
Wet/wet_1380.png,1
Wet/wet_1381.png,1
Wet/wet_1382.png,1
Wet/wet_1383.png,1
Wet/wet_1384.png,1
Wet/wet_1385.png,1
Wet/wet_1386.png,1
Wet/wet_1387.png,1
Wet/wet_1388.png,1
Wet/wet_1389.png,1
Wet/wet_139.png,1
Wet/wet_1390.png,1
Wet/wet_1391.png,1
Wet/wet_1392.png,1
Wet/wet_1393.png,1
Wet/wet_1394.png,1
Wet/wet_1395.png,1
Wet/wet_1396.png,1
Wet/wet_1397.png,1
Wet/wet_1398.png,1
Wet/wet_1399.png,1
Wet/wet_14.png,1
Wet/wet_140.png,1
Wet/wet_1400.png,1
Wet/wet_1401.png,1
Wet/wet_1402.png,1
Wet/wet_1403.png,1
Wet/wet_1404.png,1
Wet/wet_1405.png,1
Wet/wet_1406.png,1
Wet/wet_1407.png,1
Wet/wet_1408.png,1
Wet/wet_1409.png,1
Wet/wet_141.png,1
Wet/wet_1410.png,1
Wet/wet_1411.png,1
Wet/wet_1412.png,1
Wet/wet_1413.png,1
Wet/wet_1414.png,1
Wet/wet_1415.png,1
Wet/wet_1416.png,1
Wet/wet_1417.png,1
Wet/wet_1418.png,1
Wet/wet_1419.png,1
Wet/wet_142.png,1
Wet/wet_1420.png,1
Wet/wet_1421.png,1
Wet/wet_1422.png,1
Wet/wet_1423.png,1
Wet/wet_1424.png,1
Wet/wet_1425.png,1
Wet/wet_1426.png,1
Wet/wet_1427.png,1
Wet/wet_1428.png,1
Wet/wet_1429.png,1
Wet/wet_143.png,1
Wet/wet_1430.png,1
Wet/wet_1431.png,1
Wet/wet_1432.png,1
Wet/wet_1433.png,1
Wet/wet_1434.png,1
Wet/wet_1435.png,1
Wet/wet_1436.png,1
Wet/wet_1437.png,1
Wet/wet_1438.png,1
Wet/wet_1439.png,1
Wet/wet_144.png,1
Wet/wet_1440.png,1
Wet/wet_1441.png,1
Wet/wet_1442.png,1
Wet/wet_1443.png,1
Wet/wet_1444.png,1
Wet/wet_1445.png,1
Wet/wet_1446.png,1
Wet/wet_1447.png,1
